brand,publisher,prev_host,flood_clicks,people,converted_clicks,median_secs_since_prev
Walmart,impact:116548,rstyle.me,55,3,0,7.0
Walmart,impact:1390754,buff.ly,8,3,0,3.0
Walmart,impact:1390754,clearanceflash.com,106,3,0,3.0
Walmart,impact:1390754,lornamails.com,51,3,0,4.0
Walmart,impact:1390754,mavely.app.link,772,30,0,4.0
Walmart,impact:1390754,mavelyinfluencer.com,47,19,0,4.0
Walmart,impact:1390754,mavelylife.com,14,4,0,3.5
Walmart,impact:1390754,mavlink.to,114,7,0,4.0
Walmart,impact:1390754,mavlynk.com,15,1,0,4.0
Walmart,impact:1390754,play.eko.com,5,4,0,4.0
Walmart,impact:1390754,walmart.com,124,12,1,1.0
Walmart,impact:1390754,walmrt.us,5,1,0,1.0
Walmart,impact:1390754,,6,4,0,
Walmart,impact:193465,brandcycle.shop,10,1,0,4.0
Walmart,impact:3699778,mavlink.link,16,2,0,4.0
Walmart,impact:3699778,mavlink.to,5,2,0,3.0
Walmart,impact:3699778,play.eko.com,7,5,0,3.0
Walmart,impact:3699778,s.golikely.com,524,17,0,4.0
Walmart,impact:3699778,walmart.com,115,12,1,22.0
Walmart,impact:3699778,walmrt.us,274,19,0,1.0
Walmart,impact:376373,walmart.com,9,2,0,1.0
Walmart,impact:6144707,go.sylikes.com,46,5,0,3.0
Walmart,impact:6144707,play.eko.com,28,10,0,6.5
Walmart,impact:6144707,rd.bizrate.com,2081,40,0,8.0
Walmart,impact:6144707,walmart.com,88,10,0,6.0
