brand,threshold,flood_people,clicks,flood_clicks,pct_clicks_flood,flood_converted_clicks,pct_orders_flood,cr_flood_pct,cr_other_pct,est_us_affiliate_clicks,est_us_affiliate_clicks_excl_flood,pct_clicks_strong_excl_flood,pct_orders_strong_excl_flood
DreamCloud,10,0,2,0,0.0,0,,,0.0,5569.0,5569.0,0.0,
DreamCloud,20 (base),0,2,0,0.0,0,,,0.0,5569.0,5569.0,0.0,
DreamCloud,50,0,2,0,0.0,0,,,0.0,5569.0,5569.0,0.0,
Helix,10,0,2,0,0.0,0,,,0.0,5569.0,5569.0,0.0,
Helix,20 (base),0,2,0,0.0,0,,,0.0,5569.0,5569.0,0.0,
Helix,50,0,2,0,0.0,0,,,0.0,5569.0,5569.0,0.0,
Nectar,10,0,4,0,0.0,0,,,0.0,11138.0,11138.0,25.0,
Nectar,20 (base),0,4,0,0.0,0,,,0.0,11138.0,11138.0,25.0,
Nectar,50,0,4,0,0.0,0,,,0.0,11138.0,11138.0,25.0,
Saatva,10,0,6,0,0.0,0,,,0.0,16706.0,16706.0,33.3,
Saatva,20 (base),0,6,0,0.0,0,,,0.0,16706.0,16706.0,33.3,
Saatva,50,0,6,0,0.0,0,,,0.0,16706.0,16706.0,33.3,
Walmart,10,78,6449,4855,75.3,9,8.1,0.19,6.4,7023454.0,1735988.0,39.1,78.4
Walmart,20 (base),58,6449,4594,71.2,4,3.6,0.09,5.77,7023454.0,2020237.0,41.1,78.5
Walmart,50,40,6449,4002,62.1,4,3.6,0.1,4.37,7023454.0,2664970.0,36.4,78.5
