site,kind,panel_users
amazon.com,Retail,12
bing.com,Search,0
capitaloneshopping.com,Coupon / cash-back,6651
cnn.com,News / portal,4559
ebay.com,Retail,1
facebook.com,Video / social,3
foxnews.com,News / portal,2952
google.com,Search,7
joinhoney.com,Coupon / cash-back,360
msn.com,News / portal,15243
nytimes.com,News / portal,13268
paypal.com,Payments,20567
rakuten.com,Coupon / cash-back,1751
retailmenot.com,Coupon / cash-back,349
shein.com,Retail,212
slickdeals.net,Coupon / cash-back,1610
target.com,Retail,0
temu.com,Retail,0
tiktok.com,Video / social,0
walmart.com,Retail,13926
weather.com,News / portal,4805
youtube.com,Video / social,2
