brand,network,publisher,clicks,users,clicks_per_user,clicks_to_cart_or_checkout,converted_clicks,no_landing,injected_at_checkout,already_on_site,paid_search_click_id,brand_search_before,coupon_before,burst,no_referrer,pct_strong_signal,flood_clicks,example_sub_id,example_coupon
DreamCloud,Impact,trafficpoint-2,1,1,1.0,0,0,0,0,0,0,0,0,1,0,0.0,0,/affordable-mattresses/,
DreamCloud,Impact,wickfire,1,1,1.0,0,0,0,0,0,0,0,0,0,0,0.0,0,best,
Helix,Impact,impact,2,2,1.0,0,0,0,0,0,0,0,0,0,1,0.0,0,,
Nectar,Impact,p4_resident_paid,2,1,2.0,0,0,0,0,0,0,0,0,1,0,0.0,0,mnyoutube,
Nectar,Impact,unknown,2,1,2.0,0,0,0,0,1,0,0,0,0,0,50.0,0,,
Saatva,Partnerize,brandxemail,1,1,1.0,0,0,0,0,0,1,0,0,0,1,100.0,0,,kwjlnvxkcdkutawz
Saatva,Partnerize,camref:1011laqH9,1,1,1.0,0,0,1,0,0,0,0,0,0,1,100.0,0,,
Saatva,Partnerize,mattressnrd,3,2,1.5,0,0,0,0,0,0,0,0,1,0,0.0,0,,vzxrirblvqdxaxbr
Saatva,Partnerize,trafficpoint12345,1,1,1.0,0,0,0,0,0,0,0,0,1,0,0.0,0,,vzxrirblvqdxaxbr
Walmart,Impact,impact:0,2,1,2.0,1,0,0,2,2,0,0,0,0,0,100.0,0,,
Walmart,Impact,impact:10078,68,28,2.4,5,1,0,11,37,0,0,6,0,4,54.4,4,bing.com,
Walmart,Impact,impact:101044,58,36,1.6,26,8,0,12,26,0,0,49,0,3,44.8,0,,
Walmart,Impact,impact:10451,9,4,2.3,6,0,0,6,8,0,0,0,0,0,88.9,0,,
Walmart,Impact,impact:10579,16,15,1.1,6,4,0,2,11,0,0,11,0,0,68.8,0,,
Walmart,Impact,impact:10621,19,11,1.7,2,3,0,5,12,0,0,5,0,1,63.2,0,dealsofamerica.com,
Walmart,Impact,impact:10915,1,1,1.0,0,0,0,0,0,0,0,0,0,0,0.0,0,,
Walmart,Impact,impact:115625,3,3,1.0,1,1,0,0,1,0,0,0,0,0,33.3,0,,
Walmart,Impact,impact:116548,83,14,5.9,4,2,0,1,9,0,0,0,0,2,10.8,55,RSLTKTest1,
Walmart,Impact,impact:118767,37,13,2.8,23,5,0,17,35,0,0,6,0,1,94.6,0,,
Walmart,Impact,impact:1199413,8,5,1.6,1,0,0,1,5,0,0,5,1,0,62.5,0,,
Walmart,Impact,impact:121977,1,1,1.0,0,1,0,1,1,0,0,0,0,0,100.0,0,,
Walmart,Impact,impact:1220584,6,3,2.0,0,0,0,0,2,0,0,0,0,0,33.3,0,,
Walmart,Impact,impact:123201,1,1,1.0,0,0,0,0,1,0,0,0,0,0,100.0,0,239656,
Walmart,Impact,impact:12454,2,2,1.0,0,0,0,0,0,0,0,0,0,0,0.0,0,,
Walmart,Impact,impact:12869,4,3,1.3,2,3,0,4,4,0,0,0,0,0,100.0,0,,
Walmart,Impact,impact:128773,2,2,1.0,1,0,0,0,1,0,0,0,1,0,50.0,0,,
Walmart,Impact,impact:1310690,9,8,1.1,4,2,0,1,5,0,0,0,0,1,55.6,1,2075099,
Walmart,Impact,impact:13350,2,1,2.0,1,1,0,1,1,0,0,0,0,0,50.0,0,,
Walmart,Impact,impact:13418,1,1,1.0,0,0,0,0,0,0,0,0,0,0,0.0,0,,
Walmart,Impact,impact:1362386,6,2,3.0,0,0,0,0,3,0,0,0,0,1,50.0,0,,
Walmart,Impact,impact:1378631,11,10,1.1,1,1,0,1,4,0,0,10,0,0,36.4,0,,
Walmart,Impact,impact:1390754,1605,159,10.1,63,6,0,158,406,0,0,3,2,36,25.3,1293,ck8bbejzdu5m90860exivyirx,
Walmart,Impact,impact:13970,6,5,1.2,2,0,0,2,4,0,0,3,0,0,66.7,0,555218,
Walmart,Impact,impact:1398851,1,1,1.0,0,0,0,0,0,0,0,0,0,0,0.0,0,5bb601677c4b9622f70d1deb_https://galaksion.com,
Walmart,Impact,impact:1401057,2,2,1.0,0,0,0,0,0,0,0,0,0,2,0.0,0,620ecfc6f4334f0001b6811c,
Walmart,Impact,impact:141568,3,2,1.5,1,1,0,0,0,0,0,0,0,0,0.0,0,,
Walmart,Impact,impact:1422540,2,1,2.0,0,0,0,0,0,0,0,0,0,1,0.0,0,,
Walmart,Impact,impact:1425298,1,1,1.0,0,0,0,0,0,0,0,0,0,1,0.0,0,,
Walmart,Impact,impact:1435824,2,2,1.0,1,0,0,0,0,0,0,0,0,0,0.0,0,,
Walmart,Impact,impact:1437281,1,1,1.0,1,0,0,0,1,0,0,0,0,0,100.0,0,,
Walmart,Impact,impact:1442537,3,2,1.5,2,1,0,0,0,0,0,0,0,0,0.0,0,,
Walmart,Impact,impact:1444835,25,16,1.6,0,0,0,0,0,0,0,1,0,0,0.0,0,,
Walmart,Impact,impact:1453307,2,2,1.0,1,0,0,1,2,0,0,0,0,0,100.0,0,,
Walmart,Impact,impact:150372,375,196,1.9,80,32,0,36,158,38,0,2,1,6,49.9,0,STD,
Walmart,Impact,impact:1787088,1,1,1.0,0,0,0,0,0,0,0,0,0,0,0.0,0,,
Walmart,Impact,impact:1806215,1,1,1.0,0,0,0,0,0,0,0,0,0,0,0.0,0,,
Walmart,Impact,impact:1808408,2,2,1.0,0,0,0,0,0,0,0,0,0,0,0.0,0,,
Walmart,Impact,impact:18896,26,26,1.0,1,1,0,2,3,0,0,1,0,0,11.5,0,01JPJV3TBNAPABQYJD2M3WKZXV,
Walmart,Impact,impact:1914133,4,4,1.0,1,0,0,0,0,0,0,0,0,0,0.0,0,,
Walmart,Impact,impact:1934383,2,2,1.0,0,0,0,0,0,0,0,0,0,1,0.0,0,135478,
Walmart,Impact,impact:193465,14,4,3.5,0,0,0,0,1,0,0,0,0,1,7.1,10,10399,
Walmart,Impact,impact:1943169,15,14,1.1,0,0,0,0,1,0,0,0,1,0,6.7,0,dcw-us,
Walmart,Impact,impact:1956174,1,1,1.0,0,0,0,0,1,0,0,0,0,0,100.0,0,,
Walmart,Impact,impact:1968845,2,1,2.0,0,0,0,0,0,0,0,0,0,0,0.0,0,,
Walmart,Impact,impact:197432,3,3,1.0,0,0,0,0,0,0,0,0,0,0,0.0,0,,
Walmart,Impact,impact:1986006,10,8,1.3,1,0,0,2,4,0,0,0,0,0,40.0,0,,
Walmart,Impact,impact:1987596,2,1,2.0,0,0,0,2,2,0,0,0,0,0,100.0,0,,
Walmart,Impact,impact:1989377,11,6,1.8,0,0,0,0,8,0,0,0,0,0,72.7,0,,
Walmart,Impact,impact:2000856,2,2,1.0,0,0,0,0,0,0,0,0,0,0,0.0,0,,
Walmart,Impact,impact:2003851,32,28,1.1,1,0,0,0,10,0,0,0,0,7,31.3,0,EdgeBingFlow,
Walmart,Impact,impact:2022797,1,1,1.0,0,0,0,0,0,0,0,0,0,0,0.0,0,,
Walmart,Impact,impact:205131615,2,2,1.0,2,0,0,1,2,0,0,0,0,0,100.0,0,,
Walmart,Impact,impact:2055067,21,17,1.2,3,1,0,1,1,0,0,0,0,6,4.8,0,mail,
Walmart,Impact,impact:2091438,43,30,1.4,8,0,0,8,15,0,0,0,0,1,34.9,0,SiteSuggest,
Walmart,Impact,impact:2189989,34,24,1.4,7,0,0,1,8,0,0,29,0,1,23.5,0,,
Walmart,Impact,impact:2190274,1,1,1.0,0,0,0,0,0,0,0,0,0,0,0.0,0,,
Walmart,Impact,impact:2194827,1,1,1.0,0,0,0,1,0,0,0,0,0,0,100.0,0,,
Walmart,Impact,impact:2258022,8,7,1.1,2,1,0,0,6,0,0,0,0,0,75.0,0,9266,
Walmart,Impact,impact:22788,6,4,1.5,5,3,0,3,5,0,0,6,0,0,83.3,0,,
Walmart,Impact,impact:2315669,1,1,1.0,0,0,0,0,0,0,0,0,0,0,0.0,0,,
Walmart,Impact,impact:245819,1,1,1.0,0,0,0,0,0,0,0,0,0,1,0.0,0,512393495,
Walmart,Impact,impact:2472339,1,1,1.0,0,0,0,0,1,0,0,0,0,0,100.0,0,65f315e45d8dc5001400de20,
Walmart,Impact,impact:2480467,3,1,3.0,0,0,0,0,3,0,0,0,0,0,100.0,0,,
Walmart,Impact,impact:249354,4,4,1.0,0,0,0,0,1,0,0,0,0,0,25.0,0,slwhatscookingnl091424prtnwalmartkitchensaleigonzalez,
Walmart,Impact,impact:2501922,1,1,1.0,0,0,0,0,0,0,0,0,0,0,0.0,0,,
Walmart,Impact,impact:27795,11,8,1.4,1,0,0,2,3,0,0,0,0,1,27.3,0,5751388,
Walmart,Impact,impact:280388,1,1,1.0,0,0,0,0,0,0,0,0,0,0,0.0,0,,
Walmart,Impact,impact:29332,39,34,1.1,7,4,0,3,14,0,0,0,0,4,35.9,0,1163006,
Walmart,Impact,impact:2974722,2,1,2.0,0,0,0,0,2,0,0,0,0,0,100.0,0,,
Walmart,Impact,impact:3006986,6,6,1.0,0,0,0,0,0,0,0,0,0,0,0.0,0,,
Walmart,Impact,impact:3086640,9,4,2.3,0,0,0,8,9,0,0,0,0,0,100.0,1,,
Walmart,Impact,impact:312361,1,1,1.0,0,0,0,0,0,0,0,0,0,0,0.0,0,,
Walmart,Impact,impact:3333503,1,1,1.0,0,0,0,0,0,0,0,0,0,0,0.0,0,,
Walmart,Impact,impact:33477,21,7,3.0,7,4,0,7,18,0,0,7,0,0,85.7,0,,
Walmart,Impact,impact:357605,2,2,1.0,1,1,0,1,1,0,0,0,0,0,50.0,0,9ea8a68788f14df2a6134a01e54fff4b,
Walmart,Impact,impact:3586222,18,16,1.1,0,0,0,0,3,0,0,0,0,9,16.7,0,,
Walmart,Impact,impact:3627894,1,1,1.0,0,0,0,0,0,0,0,0,0,0,0.0,0,,
Walmart,Impact,impact:3654300,1,1,1.0,0,0,0,0,0,0,0,0,0,0,0.0,0,,
Walmart,Impact,impact:3682317,4,4,1.0,0,0,0,0,0,0,0,0,0,2,0.0,0,4fa38962afea1623ed9dec9019d0debd,
Walmart,Impact,impact:3699778,1196,145,8.2,40,7,0,101,262,0,0,0,1,29,21.9,964,IwAIkEgTRJwaRBkdlRjYjAXOx4tGjSEzdSF0IfK-8mf1AWERuYy1AXUBd8O3w7fDt8O3w74EvAa8BrwGvAa,
Walmart,Impact,impact:376005,1,1,1.0,0,0,0,0,1,0,0,0,0,0,100.0,0,,
Walmart,Impact,impact:376373,64,32,2.0,11,3,0,24,36,0,0,1,0,8,56.3,15,,
Walmart,Impact,impact:3820559,2,2,1.0,1,1,0,0,2,0,0,0,0,0,100.0,0,,
Walmart,Impact,impact:3846030,1,1,1.0,1,1,0,1,1,0,0,0,0,0,100.0,0,,
Walmart,Impact,impact:385807,1,1,1.0,0,0,0,0,0,0,0,0,0,1,0.0,0,,
Walmart,Impact,impact:3858077,5,3,1.7,0,0,0,0,2,0,0,0,0,1,40.0,0,005AIIAE4SKDAAZQCEPRHXPZVNWKZY,
Walmart,Impact,impact:390418,12,8,1.5,8,4,0,6,9,0,0,1,0,1,75.0,0,A156,
Walmart,Impact,impact:392844,3,3,1.0,2,1,0,0,0,0,0,0,0,0,0.0,0,69f3a402e5656cc85d1d1bd3,
Walmart,Impact,impact:468058,1,1,1.0,0,0,0,0,0,0,0,0,0,0,0.0,0,,
Walmart,Impact,impact:4692797,1,1,1.0,0,0,0,0,1,0,0,0,0,0,100.0,0,,
Walmart,Impact,impact:4905090,27,26,1.0,2,0,0,2,3,0,0,0,0,2,14.8,0,01JXZEE93MMTQXJPR4QCPVRCHT,
Walmart,Impact,impact:49764,6,5,1.2,4,3,0,2,4,0,0,3,0,0,66.7,0,,
Walmart,Impact,impact:50053,1,1,1.0,0,0,0,0,0,0,0,0,0,0,0.0,0,,
Walmart,Impact,impact:52269,6,6,1.0,1,1,0,0,0,0,0,0,1,1,0.0,0,298204191686479872,
Walmart,Impact,impact:5566704,3,3,1.0,0,0,0,0,0,0,0,0,1,0,0.0,0,,
Walmart,Impact,impact:55869,1,1,1.0,0,0,0,0,1,0,0,0,0,0,100.0,0,,
Walmart,Impact,impact:5610446,1,1,1.0,0,0,0,0,0,0,0,0,0,0,0.0,0,mp_101633093_556574430_i3okc_7i5zqdd_FD08898447B93F73A20D73876BE8A15E,
Walmart,Impact,impact:56357,1,1,1.0,0,0,0,0,1,0,0,0,0,0,100.0,0,,
Walmart,Impact,impact:57486,2,2,1.0,0,0,0,0,0,0,0,0,0,0,0.0,0,collective,
Walmart,Impact,impact:5798489,2,1,2.0,2,1,0,0,2,0,0,0,0,0,100.0,0,,
Walmart,Impact,impact:6144707,2321,55,42.2,1,0,0,2,291,0,0,0,0,4,12.5,2250,shopyourlikes.com,
Walmart,Impact,impact:6412052,1,1,1.0,1,0,0,0,0,0,0,0,0,0,0.0,0,,
Walmart,Impact,impact:6414035,1,1,1.0,0,0,0,0,0,0,0,0,0,0,0.0,0,,
Walmart,Impact,impact:65668,5,3,1.7,0,0,0,0,0,0,0,0,0,0,0.0,0,,
Walmart,Impact,impact:6727488,1,1,1.0,0,0,0,0,1,0,0,0,0,0,100.0,0,,
Walmart,Impact,impact:78091,7,6,1.2,2,0,0,0,2,0,0,2,0,0,28.6,0,,
Walmart,Impact,impact:78381,1,1,1.0,0,0,0,0,1,0,0,0,0,0,100.0,0,,
Walmart,Impact,unknown,23,14,1.6,3,2,0,0,8,0,0,0,0,5,34.8,0,,
Walmart,UTM only,buyhatke,1,1,1.0,0,0,0,0,1,0,0,0,0,0,100.0,0,,
Walmart,UTM only,unknown,1,1,1.0,1,0,0,1,1,0,0,0,0,0,100.0,1,,
