day,Saatva,Nectar,Helix,DreamCloud,Walmart
2026-04-01,49,54,69,65,52
2026-04-02,49,57,55,63,54
2026-04-03,53,62,67,66,60
2026-04-04,65,68,66,69,67
2026-04-05,60,62,71,67,100
2026-04-06,54,66,68,62,57
2026-04-07,50,66,62,72,51
2026-04-08,56,70,73,69,53
2026-04-09,59,71,65,74,53
2026-04-10,59,82,69,81,54
2026-04-11,76,91,92,94,59
2026-04-12,76,94,96,94,61
2026-04-13,60,73,69,77,49
2026-04-14,56,82,67,83,50
2026-04-15,56,71,78,76,49
2026-04-16,59,81,67,80,52
2026-04-17,58,81,73,78,53
2026-04-18,67,85,90,83,60
2026-04-19,63,77,69,67,60
2026-04-20,55,63,58,71,50
2026-04-21,55,60,60,66,48
2026-04-22,56,70,61,67,50
2026-04-23,71,56,55,57,51
2026-04-24,47,47,56,47,52
2026-04-25,62,62,52,54,59
2026-04-26,65,74,75,62,59
2026-04-27,50,51,47,54,47
2026-04-28,43,50,43,48,48
2026-04-29,44,42,40,46,51
2026-04-30,41,47,42,47,54
2026-05-01,42,41,47,47,55
2026-05-02,50,53,50,50,61
2026-05-03,52,51,59,49,63
2026-05-04,39,43,43,50,56
2026-05-05,35,38,43,41,50
2026-05-06,47,49,36,50,52
2026-05-07,48,55,46,63,50
2026-05-08,48,50,45,56,54
2026-05-09,59,59,64,68,64
2026-05-10,56,60,47,58,66
2026-05-11,42,46,43,52,51
2026-05-12,43,39,40,47,51
2026-05-13,80,67,61,77,52
2026-05-14,77,71,61,69,53
2026-05-15,79,64,82,60,55
2026-05-16,91,88,88,84,64
2026-05-17,100,87,100,79,64
2026-05-18,75,68,74,71,55
2026-05-19,73,70,70,69,56
2026-05-20,70,65,73,68,53
2026-05-21,70,60,71,58,53
2026-05-22,79,71,83,71,58
2026-05-23,86,82,94,94,65
2026-05-24,91,89,99,91,66
2026-05-25,96,100,95,100,70
2026-05-26,62,63,76,62,58
2026-05-27,55,53,54,47,56
2026-05-28,49,50,36,47,55
2026-05-29,47,46,53,47,59
2026-05-30,59,54,47,48,67
2026-05-31,62,60,57,62,64
2026-06-01,41,42,40,39,53
2026-06-02,35,35,35,29,55
2026-06-03,42,51,50,46,56
2026-06-04,44,48,45,51,60
2026-06-05,42,44,50,48,58
2026-06-06,53,59,64,67,64
2026-06-07,47,61,61,64,65
2026-06-08,48,54,45,57,58
2026-06-09,43,44,47,52,53
2026-06-10,52,59,48,63,57
2026-06-11,45,47,44,51,54
2026-06-12,40,48,46,53,59
2026-06-13,50,53,54,58,63
2026-06-14,51,56,57,56,56
2026-06-15,48,51,55,59,56
2026-06-16,47,49,51,55,56
2026-06-17,42,45,42,55,54
2026-06-18,47,48,46,64,59
2026-06-19,56,50,53,56,64
2026-06-20,57,57,62,70,68
2026-06-21,65,60,77,70,62
2026-06-22,50,55,56,62,55
2026-06-23,60,66,67,68,60
2026-06-24,52,65,56,80,58
2026-06-25,59,62,64,73,56
2026-06-26,44,40,37,46,62
2026-06-27,42,44,41,50,69
2026-06-28,49,41,48,40,62
2026-06-29,39,34,39,43,58
2026-06-30,38,31,39,37,56
2026-07-01,40,35,40,39,57
2026-07-02,36,34,44,42,64
2026-07-03,42,40,49,33,75
2026-07-04,49,40,40,35,86
2026-07-05,54,43,57,49,61
2026-07-06,34,33,39,32,55
2026-07-07,34,32,40,31,53
2026-07-08,38,29,42,30,58
2026-07-09,32,28,32,30,63
2026-07-10,26,22,30,14,61
2026-07-11,29,25,32,28,63
2026-07-12,32,29,31,18,62
2026-07-13,27,22,25,16,56
2026-07-14,24,18,27,16,54
2026-07-15,27,26,31,12,54
2026-07-16,28,19,28,18,54
2026-07-17,22,20,32,15,58
2026-07-18,29,29,41,25,59
2026-07-19,42,27,54,36,54
2026-07-20,24,20,23,16,54
2026-07-21,23,23,37,16,53
2026-07-22,25,23,30,17,53
2026-07-23,25,22,27,16,56
2026-07-24,24,23,25,18,55
2026-07-25,30,23,33,15,64
2026-07-26,30,32,34,14,62
2026-07-27,26,28,28,15,56
2026-07-28,27,22,34,17,53
2026-07-29,24,23,30,12,54
2026-07-30,24,25,28,18,56
2026-07-31,23,21,24,16,58
2026-08-01,27,29,29,15,63
2026-08-02,30,30,38,23,64
2026-08-03,26,21,32,19,57
2026-08-04,25,23,25,17,56
2026-08-05,28,24,38,15,57
2026-08-06,26,24,31,19,58
2026-08-07,26,21,30,12,59
2026-08-08,30,27,21,19,64
2026-08-09,33,27,34,20,66
2026-08-10,29,22,26,17,58
2026-08-11,24,23,33,17,55
2026-08-12,26,21,32,16,56
2026-08-13,21,19,23,11,56
2026-08-14,24,22,22,15,57
2026-08-15,34,26,36,19,63
2026-08-16,32,31,37,21,63
2026-08-17,26,25,27,13,53
2026-08-18,24,21,23,17,52
2026-08-19,23,22,26,19,56
2026-08-20,26,22,33,17,54
2026-08-21,28,24,30,15,55
2026-08-22,37,23,31,19,65
2026-08-23,31,31,39,20,66
2026-08-24,30,23,29,16,52
2026-08-25,27,23,32,21,51
2026-08-26,30,24,33,16,52
2026-08-27,27,24,28,16,53
2026-08-28,30,24,28,14,52
2026-08-29,33,26,31,23,60
2026-08-30,41,35,45,18,62
2026-08-31,37,24,28,16,53
2026-09-01,31,25,31,21,53
2026-09-02,29,22,34,19,51
2026-09-03,29,21,32,22,51
2026-09-04,31,27,33,22,55
2026-09-05,39,34,42,23,60
2026-09-06,43,40,52,23,57
2026-09-07,47,45,71,38,66
2026-09-08,30,27,38,23,48
2026-09-09,26,23,24,13,48
2026-09-10,24,19,28,13,52
2026-09-11,24,17,29,11,51
2026-09-12,26,24,35,18,56
2026-09-13,27,26,34,17,56
2026-09-14,18,17,22,14,47
2026-09-15,18,17,23,15,45
2026-09-16,17,16,22,8,48
2026-09-17,18,13,21,9,50
2026-09-18,22,18,28,16,51
2026-09-19,36,22,26,21,56
2026-09-20,44,29,29,23,49
2026-09-21,30,17,18,16,40
2026-09-22,19,17,20,12,53
2026-09-23,20,17,21,11,51
2026-09-24,18,16,21,10,53
2026-09-25,20,16,21,12,52
2026-09-26,25,20,26,13,57
2026-09-27,27,22,29,15,54
2026-09-28,21,18,25,13,50
2026-09-29,21,17,22,11,47
2026-09-30,22,16,21,11,51
